Contrat Service,KVPS ,Company  Registration Number,Merchant Key,Merchant Token,Email r�f�rent,Nom du r�f�rent,Pr�nom du r�f�rent
523452345,FRAV02604,235464534,,,anEmailAdress,LastName,firstName
235423542,FRAN02604,2345232421,,,anEmailAdress,LastName,firstName
234523553,FRAC02604,234657354553,,,anEmailAdress,LastName,firstName
234523454,FRAV02464,23465476358748,,,anEmailAdress,LastName,firstName
345243534,FRAV01537,234653225,,,anEmailAdress,LastName,firstName
532454532,FRAC97710,243567745235,,,anEmailAdress,LastName,firstName
532454532,FRAV01537,234653225,,,anEmailAdress,LastName,firstName
532454532,FRAC99999,243567745235,,,anEmailAdress,LastName,firstName
532454532,FRAC99989,243567745235,,,anEmailAdress,LastName,firstName
532454532,FRAC99979,243567745235,,,anEmailAdress,LastName,firstName
532454532,FRAC99969,243567745235,,,anEmailAdress,LastName,firstName
532454532,FRAC99959,243567745235,,,anEmailAdress,LastName,firstName
123546762,FRAC02469,243567745235,03fc212c-8c45-4f91-8a00-e1a698452440,4de9b771f3e64bb897bbebcc1a77be0e71ac854d7a9854762f85,anEmailAdress,LastName,firstName
